{
  "loss": [
    0.04380365461111069,
    0.02617061510682106,
    0.021410025656223297,
    0.01944918744266033,
    0.01729661598801613,
    0.015608267858624458,
    0.014513016678392887,
    0.013014823198318481,
    0.012448064051568508,
    0.01181897334754467,
    0.011486983858048916
  ],
  "mae": [
    0.16411077976226807,
    0.12662996351718903,
    0.11404329538345337,
    0.10927996039390564,
    0.10219506174325943,
    0.09729613363742828,
    0.09309598803520203,
    0.08826926350593567,
    0.08609053492546082,
    0.08358224481344223,
    0.08209986984729767
  ],
  "val_loss": [
    0.02925799787044525,
    0.021213173866271973,
    0.021717751398682594,
    0.021668633446097374,
    0.017946433275938034,
    0.018178844824433327,
    0.018374308943748474,
    0.019073035567998886,
    0.01952090673148632,
    0.020247304812073708,
    0.019985409453511238
  ],
  "val_mae": [
    0.1318134367465973,
    0.11385691910982132,
    0.11652734875679016,
    0.11699915677309036,
    0.10549004375934601,
    0.10601633787155151,
    0.10629608482122421,
    0.10790816694498062,
    0.10891906917095184,
    0.11022219061851501,
    0.1095343679189682
  ]
}