{
  "loss": [
    0.0256816316395998,
    0.022347409278154373,
    0.019680745899677277,
    0.01833450049161911,
    0.015887679532170296,
    0.013871727511286736,
    0.01251889392733574,
    0.01120691280812025,
    0.01039663515985012,
    0.00943298265337944,
    0.008345014415681362,
    0.007957038469612598,
    0.007725570350885391,
    0.006751343607902527,
    0.005687657278031111,
    0.0058889370411634445,
    0.006522610783576965,
    0.005941734649240971,
    0.0052778697572648525,
    0.004163067322224379,
    0.0037461076863110065,
    0.0033705714158713818,
    0.0029353192076087,
    0.002878547878935933,
    0.0030971080996096134,
    0.002997285220772028,
    0.002575281308963895
  ],
  "mae": [
    0.12105365097522736,
    0.11357554793357849,
    0.10590151697397232,
    0.10305681824684143,
    0.09776633232831955,
    0.09094174951314926,
    0.086480513215065,
    0.08151224255561829,
    0.0795903205871582,
    0.07478970289230347,
    0.0719003900885582,
    0.06900487095117569,
    0.06874968856573105,
    0.0636110007762909,
    0.05898496136069298,
    0.060428109019994736,
    0.06377512216567993,
    0.06037294864654541,
    0.05690352991223335,
    0.05032330006361008,
    0.04758165031671524,
    0.04541056975722313,
    0.04228963330388069,
    0.04141490161418915,
    0.043349944055080414,
    0.042502738535404205,
    0.03935800865292549
  ],
  "val_loss": [
    0.022165615111589432,
    0.02319544553756714,
    0.021443817764520645,
    0.018876364454627037,
    0.016376428306102753,
    0.015420502983033657,
    0.014173799194395542,
    0.013463194482028484,
    0.014558178372681141,
    0.013923486694693565,
    0.012774099595844746,
    0.013988870196044445,
    0.012658623978495598,
    0.012420556508004665,
    0.012894497253000736,
    0.012318570166826248,
    0.012606540694832802,
    0.01396175753325224,
    0.012457420118153095,
    0.012127019464969635,
    0.011530718766152859,
    0.01266343891620636,
    0.01386401429772377,
    0.015815844759345055,
    0.012934629805386066,
    0.013392862863838673,
    0.01399688795208931
  ],
  "val_mae": [
    0.11253824084997177,
    0.11822881549596786,
    0.11306564509868622,
    0.10858236998319626,
    0.09989165514707565,
    0.09750295430421829,
    0.09244909882545471,
    0.09106754511594772,
    0.09367325901985168,
    0.091884084045887,
    0.08955641835927963,
    0.09299886226654053,
    0.08948813378810883,
    0.08924303203821182,
    0.0903877541422844,
    0.08875071257352829,
    0.08891832828521729,
    0.094084732234478,
    0.0898384228348732,
    0.08846475183963776,
    0.08643361926078796,
    0.09028824418783188,
    0.09415452927350998,
    0.10033838450908661,
    0.09027121216058731,
    0.09029650688171387,
    0.09414578974246979
  ]
}