{
  "per_set": {
    "1": {
      "human": 0.7752913485339302,
      "baseline": 0.9511392689376528,
      "bilstm": 0.7619266978817807
    },
    "2": {
      "human": 0.6809539108709648,
      "baseline": 0.7143865821707016,
      "bilstm": 0.7223496499669881
    },
    "3": {
      "human": 0.6919709981117627,
      "baseline": 0.8846730783564738,
      "bilstm": 0.8456006082865384
    },
    "4": {
      "human": 0.6828391000046691,
      "baseline": 0.8940415741551904,
      "bilstm": 0.7640099812071177
    },
    "5": {
      "human": 0.813123609543607,
      "baseline": 0.9007385698577174,
      "bilstm": 0.8406597375900945
    },
    "6": {
      "human": 0.6665920248584706,
      "baseline": 0.8743324334111053,
      "bilstm": 0.6760413039751847
    },
    "7": {
      "human": 0.6575603875102155,
      "baseline": 0.9318207967088451,
      "bilstm": 0.7988868951099432
    },
    "8": {
      "human": 0.4767128163183988,
      "baseline": 0.8338741871520147,
      "bilstm": 0.6635552700244275
    }
  },
  "means": {
    "human": 0.6806305244690023,
    "baseline": 0.8731258113437126,
    "bilstm": 0.7591287680052594
  }
}